beach_key,governorate_key,name,rating,photo_url,maps_url
BCH-00001,17.0,Abu Dabbab beach,4.8,https://lh3.googleusercontent.com/gps-cs-s/APNQkAFOqbhYrfiN2gyWZnNuTY0LMQaegx5fhRluxXxFn5fhs-4qHrWA35h3hIODX43JLrKwFhe9huFd3ZrQ7c0MxfNJOtQk7XmB-mBEYfipbEP3wGXvPWZqAlu5-P97TwifeAUKA4Dv=w408-h306-k-no,"https://www.google.com/maps/search/Abu+Dabbab+Beach,+Marsa+Alam?hl=en"
BCH-00002,12.0,Ageeba Beach,4.6,https://lh3.googleusercontent.com/gps-cs-s/APNQkAGPjTVJ1dTRaNSbT5efbpt_dPNgi8-eAr-hbN59dPGW5Su8Tf3QbshfitFITH2xKNuIZbA1Z1SsVRC5yIK6l3ESOrn9lelW6gtZjTaaA_6xEgYk1jfm5Vp5WG2xMmyvGCZLzZAnKQ=w408-h306-k-no,"https://www.google.com/maps/place/Ageeba+Beach/@31.414321,27.0064276,17z/data=!3m1!4b1!4m6!3m5!1s0x1462060d7b0f1aef:0x799f52919280e6bc!8m2!3d31.414321!4d27.0064276!16s%2Fg%2F11cftyqff?hl=en&entry=ttu&g_ep=EgoyMDI2MDYyOS4wIKXMDSoASAFQAw%3D%3D"
BCH-00003,17.0,Al-Nayzak,4.5,https://lh3.googleusercontent.com/gps-cs-s/APNQkAEqt1gzOMV6cnuqA8gmp8JhLPA-s0GX1X-OZgtwRoT_wHagGHVQMuMhuZ_CwXQtOT3wr7Gu_BMdvuBfLVoSOeV46Qt4nMOZmsbmTEz12MLjYNW2mZqsopfTNVDMZ_P-CYPK4Bmw=w408-h382-k-no,"https://www.google.com/maps/search/Nayzak+Beach,+Marsa+Alam?hl=en"
BCH-00004,12.0,Almaza Bay,4.7,https://lh3.googleusercontent.com/gps-cs-s/APNQkAGfA8RfB6UXNrhWUJmGGpDb3BEMm9ichkvn5o_EOwkoZeNLOPtn7OjbwqAnvFLNNsfwcs_SrICPi25EZ-6MFlz_H-7jmPNkPkb0nx_5-_vXDf_FuyhX3Yct-ZcoiUeaCxIi62T_ItGFceRf=w408-h264-k-no,"https://www.google.com/maps/place/Almaza+Bay/@31.1926975,27.5521193,15z/data=!4m13!1m2!2m1!1sAlmaza+Bay+Beach,+North+Coast!3m9!1s0x1461dd5499ee0129:0xf60e88238b6913d7!5m2!4m1!1i2!8m2!3d31.1956859!4d27.554789!15sCh1BbG1hemEgQmF5IEJlYWNoLCBOb3J0aCBDb2FzdJIBBWhvdGVs4AEA!16s%2Fg%2F11c48f8vhk?hl=en&entry=ttu&g_ep=EgoyMDI2MDYyOS4wIKXMDSoASAFQAw%3D%3D"
BCH-00005,20.0,Aquarius Diving Club [Sharm el-Sheikh],4.8,https://lh3.googleusercontent.com/gps-cs-s/APNQkAHMTkB_x1q29cHgpVJnT4Xak1EzleTYaxPysXI64cYou0NrOhWsLqTYN1mdjbUuZkvlvHfLPjCxj1Mg64y0aYSt8JMeqIfIvj6n4tfpFpsY5LMABNUIKJvxnLXKomPzoegpF3kK=w408-h306-k-no,"https://www.google.com/maps/place/Aquarius+Diving+Club+%5BSharm+el-Sheikh%5D/@27.9618123,34.3903156,14z/data=!4m9!1m2!2m1!1sShark's+Bay+Beach,+Sharm+El+Sheikh!3m5!1s0x145337c8d20820db:0x91f04a33dcdb7709!8m2!3d27.9734698!4d34.4249923!16s%2Fg%2F1tg3dwn7?hl=en&entry=ttu&g_ep=EgoyMDI2MDYyOS4wIKXMDSoASAFQAw%3D%3D"
BCH-00006,2.0,Babylon faluka sailing boat,5.0,https://lh3.googleusercontent.com/gps-cs-s/APNQkAEWrAnaOAk3vLXMTT7cga6aVdVRr0bB6gA-MRxRkWR9_3o3C24nC5Kz32dQljTU_N9CzkS_-BgvL9W7468QP--PffE-g_qi5RyA1xBlMR-m3sZO_kbxVaESW_pos7R9Uu6KRnLpo_AvT2A=w408-h544-k-no,"https://www.google.com/maps/search/Elephantine+Island+Felucca+Sailing,+Aswan?hl=en"
BCH-00007,,Burullus Lake,4.4,https://lh3.googleusercontent.com/gps-cs-s/APNQkAElYBlzzBVeuH1m9QxVK8BePhCNzoOHtAwsg7kjSb6lMvujUXXuHGQGjDHvme5mvk_ZBfONozL0eM6hzDsSNK4qRCIy1OBFhhPi-SFZZuDh2LrIZ60VjucGfUjVj_JMsqcpPLj3=w427-h240-k-no,"https://www.google.com/maps/search/Burullus+Lake,+Kafr+El+Sheikh?hl=en"
BCH-00008,20.0,Castle Zaman slow-food restaurant,4.3,https://lh3.googleusercontent.com/gps-cs-s/APNQkAFqkrt00T4GEQWTVY4ofdEQ2cuZJiK0CcxwgUD5iFAb4PC3DeKn9qxI8wMWNIw_rw8uZNAioPfwupVyenanvJLR-X9Wm9LVLc3fYy0OCe7SaTXUV5bUtBaHrYPzYJFW8aYE3Ix-wksD244=w408-h306-k-no,"https://www.google.com/maps/search/Castle+Zaman+Private+Beach,+Nuweiba?hl=en"
BCH-00009,12.0,Cleopatra Beach,4.3,https://lh3.googleusercontent.com/gps-cs-s/APNQkAHMXGl9Wjs1TJlbXKSaAEPINrhs_4BKap8RYBV0A4WTvl6XMOYJY2EmLiPNjcJbUlV_DHZguYaHR7NfbFRmAFT0aSsfsoxBHhDQkOuc-ijneqSLpcB_RN8QQJQFLg_nj3itLYCB=w408-h306-k-no,"https://www.google.com/maps/search/Cleopatra+Beach,+Marsa+Matrouh?hl=en"
BCH-00010,,Eel Garden,4.497916666666666,https://lh3.googleusercontent.com/gps-cs-s/APNQkAE-Ki94FpRZNV4tLTncDsp-RRc_qZ7eomRbSy8m-fy7c3XVxVU4iWbFMop_gAdS9LqIvFDNG_HfIPVA5s9yAoKlIVKiZpzxrjCI25cBuldtyRM3ruVcParH1HDcJFihz7YP-4xakA=w408-h306-k-no,"https://www.google.com/maps/search/Eel+Garden+Reef,+Dahab?hl=en"
BCH-00011,1.0,El Mamurah Beach,4.2,https://lh3.googleusercontent.com/gps-cs-s/APNQkAERhP89E471sTXp76N5C94u6oDxsTtbv-h3oNQ4GVeinGcTY1Kyy375PvOmkLYG1vGaIL_I-JSYA_H8CxyfN41vG1xqh0qNGKyLtBXCYpJx9W6H0JMG9jXl2aW8JGkU7KoiZn6o=w408-h305-k-no,"https://www.google.com/maps/place/El+Mamurah+Beach/@31.2908176,29.9894692,13z/data=!4m10!1m2!2m1!1sMamoura+Beach,+Alexandria!3m6!1s0x14f5d0dc8232f1b5:0xca05b625c94574ea!8m2!3d31.2908176!4d30.0306679!15sChlNYW1vdXJhIEJlYWNoLCBBbGV4YW5kcmlhWhoiGG1hbW91cmEgYmVhY2ggYWxleGFuZHJpYZIBDHB1YmxpY19iZWFjaOABAA!16s%2Fm%2F0k56brk?hl=en&entry=ttu&g_ep=EgoyMDI2MDYyOS4wIKXMDSoASAFQAw%3D%3D"
BCH-00012,1.0,El Montazah Beach,4.2,https://lh3.googleusercontent.com/gps-cs-s/APNQkAGLY6DY9PDvQlIj8Q2IAGNrHOrM5EVjlsdZAKcogSjTpE8Yga2limKWp0RB5bOpApMMHuZ01n4c9ll_aZBckOgo01mZ_NwJXVMtfbiIN-cSlLhKBWYcG-4e8i-PgxPeQINIyCzsTQ=w408-h276-k-no,"https://www.google.com/maps/place/El+Montazah+Beach/@31.2823393,30.011602,15z/data=!3m1!4b1!4m6!3m5!1s0x14f5d0667d5de5eb:0xcb2424b3663ae7ae!8m2!3d31.2823398!4d30.011602!16s%2Fg%2F1v70ywjf?hl=en&entry=ttu&g_ep=EgoyMDI2MDYyOS4wIKXMDSoASAFQAw%3D%3D"
BCH-00013,20.0,Fjord Bay Taba,4.8,https://lh3.googleusercontent.com/gps-cs-s/APNQkAHH2VAzPWowRkocOC5ZO-wnoBhkEVrciqjj_g_4N55PTssAsYG1nuu9FqVV10_8OyHpCaFm4eYRiSXvpHVOqoXfZWyaux09XUnXvQw_amoM-lzwk5-IBEPWqsZKVSBWbL7gfGu9BQ=w426-h240-k-no,"https://www.google.com/maps/search/Fjord+Bay,+Taba?hl=en"
BCH-00014,1.0,Hacienda White - Palm Hills Developments,4.5,https://lh3.googleusercontent.com/gps-cs-s/APNQkAE_c_EYugBkA_6kS-l42KivTiea135ENRVq7r1eCYk9gFQECJcmaiILQNQX2ONNH3QZa4tf7zamsycOlQr-e9H5_beqP325qNG3Hy8k4QQ-nVDwMtTv_z09i6V6CRlEPyXRvwk=w426-h240-k-no,"https://www.google.com/maps/place/Hacienda+White+-+Palm+Hills+Developments/@30.9954216,28.6199848,13z/data=!4m10!1m2!2m1!1sHacienda+White+Beach,+North+Coast!3m6!1s0x146007680666ee6d:0x7da122293368bbaf!8m2!3d30.9954216!4d28.6611835!15sCiFIYWNpZW5kYSBXaGl0ZSBCZWFjaCwgTm9ydGggQ29hc3RaIiIgaGFjaWVuZGEgd2hpdGUgYmVhY2ggbm9ydGggY29hc3SSAQViZWFjaJoBI0NoWkRTVWhOTUc5blMwVkpRMEZuU1VSd2Iwc3ljMlJuRUFF4AEA-gEECB8QPQ!16s%2Fg%2F11c1tk_l_s?hl=en&entry=ttu&g_ep=EgoyMDI2MDYyOS4wIKXMDSoASAFQAw%3D%3D"
BCH-00015,17.0,Hamata Port,4.3,https://lh3.googleusercontent.com/gps-cs-s/APNQkAEDev-2eW2AS5fL3UPbwPsqrglHqI2ZtGsWbSaN-mziBexjiVelb1p2m_5cxw-YGTf2fzNkjsexGN1cGlvbTrdWzTo3Cb6znHR2OwIwbbqHut8KRe-CEr0gojuPhalQfaaUyWrXDeVMt98I=w408-h306-k-no,"https://www.google.com/maps/search/Hamata+Islands,+Marsa+Alam?hl=en"
BCH-00016,,Jazā'ir Jiftūn,4.7,https://lh3.googleusercontent.com/gps-cs-s/APNQkAGb_4QT_2jCt7CJB-hNhosI8W3thbFpjnbey-t8-tbaWaqaug0TYmHLnLyruP-erwhLCXJVtXJw4ZUgxKXI7f6-fBhhMP8JH_wNisT2qJ3dLn2jjoxsSiWPizjI_N1yh4TPso7-=w408-h272-k-no,"https://www.google.com/maps/place/Jaz%C4%81'ir+Jift%C5%ABn/@27.2112111,33.901957,13z/data=!4m10!1m2!2m1!1sGiftun+Island+National+Park,+Hurghada!3m6!1s0x14528588e3d03b2b:0xf3372517e415a003!8m2!3d27.2428469!4d33.9136675!15sCiVHaWZ0dW4gSXNsYW5kIE5hdGlvbmFsIFBhcmssIEh1cmdoYWRhWiYiJGdpZnR1biBpc2xhbmQgbmF0aW9uYWwgcGFyayBodXJnaGFkYZIBBmlzbGFuZJoBRENpOURRVWxSUVVOdlpFTm9kSGxqUmpsdlQyMXdWMWRZY0hwV2JsSjZVakkxZFUwd1JYbFVWbkJRV0RKV2JsVXlZeEFC4AEA-gEECHQQLA!16s%2Fg%2F120mc09w?hl=en&entry=ttu&g_ep=EgoyMDI2MDYyOS4wIKXMDSoASAFQAw%3D%3D"
BCH-00017,20.0,Laguna Beach Dahab,4.7,https://lh3.googleusercontent.com/gps-cs-s/APNQkAH-vGJr30bO0IF-H3apsN6g-7zbzYxnB41NlxBsCLXkNiWkYh-WZYL86oII0aDFDktV9VlXIXYPTtUYssciHNP1KvYQlqmD1IqL3GuzjN_Gqb7spfzes4EqG_diyl-XUHo_fLTl=w408-h306-k-no,"https://www.google.com/maps/search/Laguna+Beach,+Dahab?hl=en"
BCH-00018,20.0,Lighthouse Divecenter,4.5,https://lh3.googleusercontent.com/gps-cs-s/APNQkAElo5V363ONPlxa57PQz2JqIJnt88C03tQlH91Gb1CU2fscexxXGJrQeGBA92e8qHKmyw_hf0TWYih0uTcWft4Syn3nZDHbnDY341dYjHQnnDjNmAew2NYsYvuw6GxXtJ732DK7=w408-h306-k-no,"https://www.google.com/maps/search/Lighthouse+Dive+Site,+Dahab?hl=en"
BCH-00019,8.0,Magic lake camp,4.6,https://lh3.googleusercontent.com/gps-cs-s/APNQkAGo4XVWqA53a7GnHLOkbd6P0HHRfkDA5-AkLzFl47R5VN9bv9t5dBoML_Mdydxyy3zkwVNZxs46-tFne0IeQ1VyjuTqok6zKZtlXEaPa764I7PqwWQQEJGtUHXsLGa6TXp3RjzokA=w426-h240-k-no,"https://www.google.com/maps/place/Magic+lake+camp/@29.1630879,30.180086,11z/data=!4m10!1m2!2m1!1sMagic+Lake,+Wadi+El+Rayan,+Fayoum!3m6!1s0x145bef06e193c6d7:0xaaad8439663dc602!8m2!3d29.1630879!4d30.3448809!15sCiFNYWdpYyBMYWtlLCBXYWRpIEVsIFJheWFuLCBGYXlvdW1aISIfbWFnaWMgbGFrZSB3YWRpIGVsIHJheWFuIGZheW91bZIBCmNhbXBncm91bmSaASNDaFpEU1VoTk1HOW5TMFZKUTBGblNVUlNlbkZNU0dSUkVBReABAPoBBAg8EDM!16s%2Fg%2F11gy3mnhm8?hl=en&entry=ttu&g_ep=EgoyMDI2MDYyOS4wIKXMDSoASAFQAw%3D%3D"
BCH-00020,17.0,Mahmya Island,4.7,https://lh3.googleusercontent.com/gps-cs-s/APNQkAE-qHp5rCTNH6H0a7ULv1MTWWKqZoASVpvYDvq9jgYJRPxX9N6Biy3unKzy0dMK-ArWYqAJpnbRXy3ntDmLS3kLKhLcnmIATVfsY-gc_CKMtjk91_Zw_UYh7ujVolZY1qzNZ7E1=w408-h305-k-no,"https://www.google.com/maps/search/Mahmya+Island,+Hurghada?hl=en"
BCH-00021,17.0,Makadi Water World,4.5,https://lh3.googleusercontent.com/gps-cs-s/APNQkAFblL7AHpAmc7lcaYw8wlHhQTN39rgTXSGbWS6OxSU5uJBVhNKX58C7BD1dqioax9LGLUJp1hiP9dUdNptbYptPWrgzk85IsRQUVGQZ7mmEsllkT4ZWaRSpXlIvyQi7RVzALZA=w408-h306-k-no,"https://www.google.com/maps/search/Makadi+Bay+Water+World,+Hurghada?hl=en"
BCH-00022,17.0,Mangroovy Beach,4.5,https://lh3.googleusercontent.com/gps-cs-s/APNQkAHT_UbImASOyKSKrjjFCY9oICAHSLj9OmHPhfF1EnJBjqZFNknBAxpoaqcYo527dl58YhPdR0j8B_dKa0wwdr8mYjjcgDgr61epooVBA5X7mcL2LQf3kG627kZaBDOvBc6z0LtkSA=w423-h240-k-no,"https://www.google.com/maps/search/Mangroovy+Beach,+El+Gouna?hl=en"
BCH-00023,17.0,Marsa Mubarak,4.3,https://lh3.googleusercontent.com/gps-cs-s/APNQkAE9FG2cXZEXk87KaQ11EAlPLK3tuoe82MYE6RyyLsuX7t4ht1HdKatqthfTF2mUWoVtOAPziz0f7vEHDaBJPzAGvdqmzkmpv2HXuB6wXWo0sNStWQk8gcEBfqHmXK_ZQzgyTeDK=w408-h306-k-no,"https://www.google.com/maps/search/Marsa+Mubarak,+Marsa+Alam?hl=en"
BCH-00024,20.0,Naama bay beach,4.3,https://lh3.googleusercontent.com/gps-cs-s/APNQkAFGMDuxuH-8LzLbWBdFBxGYwfM1yOVvCDLHgglMVQiViud_FkbZWZ67N3LzMX1O3nSkZByX0ycf3RBmj5dRaDLPavFgk816oIJre1H8o98DnoXBnepZ5hQK-rDxWBvHLCRrRyg=w408-h306-k-no,"https://www.google.com/maps/place/Naama+bay+beach/@27.9082725,34.321679,16z/data=!4m10!1m2!2m1!1sNaama+Bay+Beach,+Sharm+El+Sheikh!3m6!1s0x1453393819b01149:0xe5d139be1a3a6e12!8m2!3d27.9082725!4d34.3268288!15sCiBOYWFtYSBCYXkgQmVhY2gsIFNoYXJtIEVsIFNoZWlraJIBD2JlYWNoX3BhdmlsbGlvbuABAA!16s%2Fg%2F11gph8c849?hl=en&entry=ttu&g_ep=EgoyMDI2MDYyOS4wIKXMDSoASAFQAw%3D%3D"
BCH-00025,20.0,Nabq Nature Reserve,4.6,https://lh3.googleusercontent.com/gps-cs-s/APNQkAH0WnFMrnIHT2mfpkw0QiVGhwxbBbgzpXwO0pqmUYnE2XG60E5oaqSKOkXTeV_dRfQy_v64XV4YnbmEApapxkVVINbmG6zPeGB384vrZ6b5LmmM_jJYuoCfMFBRKAVbolssoZiTmQ=w426-h240-k-no,"https://www.google.com/maps/search/Nabq+Nature+Reserve,+Sharm+El+Sheikh?hl=en"
BCH-00026,12.0,North Beach - Marassi,4.5,https://lh3.googleusercontent.com/gps-cs-s/APNQkAH5e8iSWoL4RTgytgp0ac5l-EQVgqOV99ZtOG5FiwUjZu5GRHXaPw7WrDYGkSParA1ZxoZYCQHVkoRxTBtxHzJxaAui5PWcSUWKyPlOZRJh58QKfDp_aLdiWYh2oiFpzCcod5Eo=w408-h306-k-no,"https://www.google.com/maps/search/Marassi+Beach,+North+Coast?hl=en"
BCH-00027,17.0,Orange Bay,4.4,https://lh3.googleusercontent.com/gps-cs-s/APNQkAGEFRCGnM3_YNj9lCSdlm6q9lDYjF-ADMT0i13kSPe61KMCGq-2imh-BkWJfEIhq30i4JOJenOXSnmRTJ5NXCkFFB-t9K-1fEDX38lCceDRbYPD0JZMMtnQHjquB0ajc9l0bkKL=w408-h306-k-no,"https://www.google.com/maps/search/Orange+Bay,+Hurghada?hl=en"
BCH-00028,,"Pharaoh's Island, River Thames",4.4,https://lh3.googleusercontent.com/gps-cs-s/APNQkAErW2jdp_WxLvSjqLv0FHhtYAY05n3GuXzAKW8n1QxVWOBIhqvKwTCjZNd5T_v0EjCXsCY4pJqnE6AOMLEyX0mO1dJ8NOHAU5XVosEhaOWL5cyBMyFYNt99q2zDSQjNfBUcdiOZ=w408-h306-k-no,"https://www.google.com/maps/search/Pharoah's+Island,+Taba?hl=en"
BCH-00029,17.0,Pyramisa Beach Resort Sahl Hasheesh,4.4,https://lh3.googleusercontent.com/gps-cs-s/APNQkAEZIW2KDP7bDGRV9sW7If5r6-kQwiGr1P2UY2qTfUgv2cxULWyddPXm6QEMwyXlhJ9sISOwMbQSKPAIrBICIpz9YsTf7QSgAwoQtQKdTkcW8skqRbxTLgVJ8byEu9znUFX9iv-OLx-KQyYW=w408-h271-k-no,"https://www.google.com/maps/place/Pyramisa+Beach+Resort+Sahl+Hasheesh/@27.0375521,33.872901,13z/data=!4m13!1m2!2m1!1sSahl+Hasheesh+Beach,+Hurghada!3m9!1s0x144d7dc5815c8acd:0xdd2e99fccedb4bf2!5m2!4m1!1i2!8m2!3d27.0480217!4d33.900744!15sCh1TYWhsIEhhc2hlZXNoIEJlYWNoLCBIdXJnaGFkYVoeIhxzYWhsIGhhc2hlZXNoIGJlYWNoIGh1cmdoYWRhkgEMcmVzb3J0X2hvdGVsmgEjQ2haRFNVaE5NRzluUzBWSlEwRm5UVVIzY1RSSVIwTkJFQUXgAQD6AQQIABBH!16s%2Fg%2F1wcj_r8t?hl=en&entry=ttu&g_ep=EgoyMDI2MDYyOS4wIKXMDSoASAFQAw%3D%3D"
BCH-00030,1.0,Qaitbay Citadel,4.5,https://lh3.googleusercontent.com/gps-cs-s/APNQkAFoU5QPcr3lt1puigrAhjU13E2LY3Ut_Tx3JuOUQGwjOyi_zrblNIsT8dWVGTG8UX9XmRHb652J3-nxrvGw2at0FeDo0wTgLm41YbDdh0Zf9yvx2T7D4TrBfgyjgdkzbobhqyn5=w408-h306-k-no,"https://www.google.com/maps/place/Qaitbay+Citadel/@31.2136987,29.8841046,18z/data=!4m10!1m2!2m1!1sCitadel+of+Qaitbay+Waterfront,+Alexandria!3m6!1s0x14f5c352282911bb:0xe59f8308f8b23d1f!8m2!3d31.2136987!4d29.8853921!15sCilDaXRhZGVsIG9mIFFhaXRiYXkgV2F0ZXJmcm9udCwgQWxleGFuZHJpYVoqIihjaXRhZGVsIG9mIHFhaXRiYXkgd2F0ZXJmcm9udCBhbGV4YW5kcmlhkgEGY2FzdGxlmgFEQ2k5RFFVbFJRVU52WkVOb2RIbGpSamx2VDJ0S1JWVkVVbWxTV0VKMFYyNWFTbGxWTlVSUk1GWkZWVEIwV1ZNeFJSQULgAQD6AQQIGBA_!16s%2Fg%2F11pwrly5n4?hl=en&entry=ttu&g_ep=EgoyMDI2MDYyOS4wIKXMDSoASAFQAw%3D%3D"
BCH-00031,8.0,Qarun Lake,4.2,https://lh3.googleusercontent.com/gps-cs-s/APNQkAFlQ3IH9iE8ubhmVjaEwZPc_CFiKv0PoW0CpsdjllWeWNK8OOf8w8ozSQnprY8HeiRT7vJd8UgzLHtOV4zeMMh4vgIAM5EWRh4lHKXjuxYHZTgv_DmO_56PpG9KMvqMKTUhKYlVcQ=w408-h306-k-no,"https://www.google.com/maps/search/Lake+Qarun+Waterfront,+Fayoum?hl=en"
BCH-00032,17.0,Quseir Castle,4.3,https://lh3.googleusercontent.com/gps-cs-s/APNQkAEfumbEpWCDFpbjHzrB3tiAXC2z-Jr-fVZLvUOX5LL3km_XZepfKpFcKBTlqwH7ImuK_j9tqFNIk40VfgG2LdhkYLcJRmv-I-W7Tgsdmm-sN6uwgZYtf4bA4I_bdIWfrVUw2fbgXQ=w408-h306-k-no,"https://www.google.com/maps/search/El+Quseir+Fort+Beach+area,+El+Quseir?hl=en"
BCH-00033,20.0,Ras Mohamed Nature Reserve,4.8,https://lh3.googleusercontent.com/gps-cs-s/APNQkAFqU5a_27oXVMj-Otjilxgcl_jpuAvohZhmm4Se_qt4xq_bIIj5dIGO-52Qg9nS50mpE8LREfTcRStA5Md_vhDgulkbwKEELA6O8Xu9Mgu_Ni8hGP_e2OglaCDQqS7fxvxatJxx=w427-h240-k-no,"https://www.google.com/maps/place/Ras+Mohamed+Nature+Reserve/@27.7937578,34.1780397,17z/data=!3m1!4b1!4m6!3m5!1s0x145323f1925aa68d:0xd286ed81c3549345!8m2!3d27.7937578!4d34.1780397!16zL20vMGIxZ2Nn?hl=en&entry=ttu&g_ep=EgoyMDI2MDYyOS4wIKXMDSoASAFQAw%3D%3D"
BCH-00034,,Sataya Dolphin House Reef South,4.3,https://lh3.googleusercontent.com/gps-cs-s/APNQkAFmKfZNb-0Lxq0clu88kHa2WbBID_OIG5E4i5jMYX2xBeJce6sRaEJk4Vp5crw0PDM48nBB5VkUC0knEOMFrnmLUXFTvZjz8xRgwiIAnwldNhCY2TtZk_0DnPRSoZJv5qNGMJs=w408-h306-k-no,"https://www.google.com/maps/search/Satayah+Dolphin+Reef,+Marsa+Alam?hl=en"
BCH-00035,20.0,Seismic Cracks Zone - Ras Mamlah - Ras Abu Galum Protectorate,4.7,https://lh3.googleusercontent.com/gps-cs-s/APNQkAET_C6rAlKEmXZ9FxVdgc2DF6g0hTgcz8wn5H9OEcyev4KekNJzTWHW5IGQG9-JA835FNOdWdkfA9bl4aQNQNatHLknwWl5K5wVpF0Oi48jQEH81RmMQZwikcpABXtdeDJzjCJH=w426-h240-k-no,"https://www.google.com/maps/search/Ras+Abu+Galum+Reserve,+Nuweiba?hl=en"
BCH-00036,,Shaab Samadai (Dolphin House),4.4,https://lh3.googleusercontent.com/gps-cs-s/APNQkAHVU2j-UZRM7zWOkbsgEJPXLyOROtkGsZ8WEfnk5pnUxB_9delCLXOxOy4j94sA3crM3JVWrFD-FLr6Mgq56QlQ1jcX_LpJf12nyDeNOXMsreQ9oTbLh02kKbBg238_SwAyzteWeA=w408-h408-k-no,"https://www.google.com/maps/search/Samadai+Reef,+Marsa+Alam?hl=en"
BCH-00037,17.0,Sharm El Luli,4.7,https://lh3.googleusercontent.com/gps-cs-s/APNQkAEaikJIaNgEzc-1w19qFtGIU2_GunHH3RDsdOqtq9RDaYFhUcJSWDViLHz7MmW_apVbyJhGE2Hfey0NssuoNfH0yYSKG921YjGaPct3qMxspPiuuRyHNiBfE3nKud4YgIL9rlgkAg=w408-h306-k-no,"https://www.google.com/maps/search/Sharm+El+Luli,+Marsa+Alam?hl=en"
BCH-00038,17.0,Sharm El-Naga,4.6,https://lh3.googleusercontent.com/gps-cs-s/APNQkAEk1IRxl2C6eReUfQpM2aI7rytIAQqEWZ2VEv6jJUFClV9NV-WIOd906HkuW5m3u9_uY8qc2jd6hmS-wAmi2PKgqloqrCwdkDMGKGGxSpfWFDPb52w0LxaJtCdXVCZFzw1srBfYPw=w426-h240-k-no,"https://www.google.com/maps/search/Sharm+El+Naga+Resort+Beach,+Safaga?hl=en"
BCH-00039,17.0,Shoa`b Abu Nuhas,4.7,https://lh3.googleusercontent.com/gps-cs-s/APNQkAHKc0b_mBJSnRO_KtdCLY9PpPgJfMkmVwy9s9vZfqDqsWUyVYuXRyxwuKudyzNF7joiNzXlQbBJfPEWJgZAcWNB7asYKtGfny8mYPMdzupSX_eXghyddASIdStT3_pG73nvtRpS=w408-h306-k-no,"https://www.google.com/maps/search/Abu+Nuhas+Shipwreck+Dive+Site,+Red+Sea?hl=en"
BCH-00040,17.0,Sliders cable & Aqua Parks El Gouna,4.5,https://lh3.googleusercontent.com/gps-cs-s/APNQkAFYWsFSIsnc3BYLqXi47mbBoP84k59v-xq95p2RU5WsVT6N8W68L_xRXgvIblX0h_tuzqmugw7X5yjkE0hUlV5NxLn2qQr7e48IWO-YIe_NqpbzEr5HQdusy09diIDBO08VbdhqYA=w426-h240-k-no,"https://www.google.com/maps/search/Sliders+Cable+Park,+El+Gouna?hl=en"
BCH-00041,17.0,Soma Bay,4.7,https://lh3.googleusercontent.com/gps-cs-s/APNQkAG1TOdL5aZpEY4LDKKdqtcPnAsRQalJbDhHraZYwDEopB3F76i8k4y55tvNtEVRpH9P9gCvibcuwEyHEQy-GgsyPIp3_sZgcfO6ZRPd0YrCR1F4ys28XTeMe-B_ICfC5wDnB2k2=w408-h280-k-no,"https://www.google.com/maps/search/Soma+Bay,+Safaga?hl=en"
BCH-00042,20.0,Terrazzina Beach,4.3,https://lh3.googleusercontent.com/gps-cs-s/APNQkAHZ9-W5cLb-IUWYO7Dts5yTwC5ZkXP4kj9kXPBw_2nt0xBeBpT_T7GmgjNhPdZcqtYma8ivooRAgcvYhjkvZM5D-Z4g_JnQ2t1SyDUUQdTkEIpa2xInHjO0f1MLwtrJVDnhjCtGVf9ZfFs=w408-h270-k-no,"https://www.google.com/maps/search/Terrazzina+Beach,+Sharm+El+Sheikh?hl=en"
BCH-00043,,Three Pools Dive Site,4.5,https://lh3.googleusercontent.com/gps-cs-s/APNQkAGVH64TLi371RUk7dt9H-Fu3k3JcOV7vYg7oR2I3KQ0ySQTuzW3DZHnNhW-1MQdXGqewP8YggOfpV0HaycixX4UbpBVKqVZGUfbXNDa5HasmtikFRxhflp9u5BMKhSiPNlr2n1_0g=w408-h306-k-no,"https://www.google.com/maps/search/Three+Pools,+Dahab?hl=en"
BCH-00044,8.0,Wadi El Rayan Fayoum Falls,4.3,https://lh3.googleusercontent.com/gps-cs-s/APNQkAFa06xQyWLMx3frfYgtV5Oa1xtg4RYRtNg5jTX156bJQgHC5plFCtWAhfWl73OVT1A7vLzpGt0UJaMtBDzVi-P5Bx_hdl1XmFzsMgbOGU8BEElKXBhBxP_g-AGpsF-H1sSVnTgQZQ=w408-h306-k-no,"https://www.google.com/maps/place/Wadi+El+Rayan+Fayoum+Falls/@29.2229169,30.4359614,11z/data=!4m10!1m2!2m1!1sWadi+El+Rayan+Waterfalls,+Fayoum!3m6!1s0x145be43d19214917:0xae6f5e02931e1ab8!8m2!3d29.2151902!4d30.4209445!15sCiBXYWRpIEVsIFJheWFuIFdhdGVyZmFsbHMsIEZheW91bVohIh93YWRpIGVsIHJheWFuIHdhdGVyZmFsbHMgZmF5b3VtkgESdG91cmlzdF9hdHRyYWN0aW9umgEjQ2haRFNVaE5NRzluUzBWSlEwRm5TVU5vZDE4dFRtUlJFQUXgAQD6AQQIABA1!16s%2Fg%2F11bxdnntsv?hl=en&entry=ttu&g_ep=EgoyMDI2MDYyOS4wIKXMDSoASAFQAw%3D%3D"
BCH-00045,17.0,Wadi el Gemal Reserve,4.6,https://lh3.googleusercontent.com/gps-cs-s/APNQkAF6-ZG0a_zPvYHZN7CouC1IU01QyKTEHxQbV0RdrUJ9J3ZFk5Elb686l82n54T1CjZ_z4BAFfP1THp0ZmyFC05PwX2lyTPozH5eP5YNNzp_kXAB_nMHHVkg6koz7llTBQ-8pDvi9w=w408-h306-k-no,"https://www.google.com/maps/search/Wadi+El+Gemal+National+Park+Coast,+Marsa+Alam?hl=en"
BCH-00046,12.0,lover Beach,4.2,https://lh3.googleusercontent.com/gps-cs-s/APNQkAHNID2dxLma12V_duJlZch936tERBfYFQESxx8uhMvSC-mo-bx0PKUprXg5zZLXxdvsYXorT9lX1UkQ0gMQO1nRqUqnCCUN8IrRIfOJwgkUMvXeiBFLjvvyZ8ZsiHw2wLBAV_5R=w408-h306-k-no,"https://www.google.com/maps/place/lover+Beach/@31.3684664,27.207231,14z/data=!4m10!1m2!2m1!1sGharam+Beach,+Marsa+Matrouh!3m6!1s0x1461fed8f567dae7:0x4b4954b2895f483c!8m2!3d31.3683364!4d27.222147!15sChtHaGFyYW0gQmVhY2gsIE1hcnNhIE1hdHJvdWhaHCIaZ2hhcmFtIGJlYWNoIG1hcnNhIG1hdHJvdWiSAQViZWFjaJoBJENoZERTVWhOTUc5blMwVkpRMEZuU1VOYWNISlhaRGxSUlJBQuABAPoBBAgAEEc!16s%2Fg%2F1pp2vbzk4?hl=en&entry=ttu&g_ep=EgoyMDI2MDYyOS4wIKXMDSoASAFQAw%3D%3D"
BCH-00047,,الثقب الأزرق,4.8,https://lh3.googleusercontent.com/gps-cs-s/APNQkAHCd0UERUY2lTTQxTLC4mtWZ5DSh7yyfkgdAu4DCt_kBhQPXndhi0-skxHv2nCzPvpoTWpvpNDks8jmP2_eN5Q3d7M-TViAPbBRP6GM-kQhEFxyJKKGHi9HC-DOnoxWm1CDNM-DwoFWwldf=w408-h305-k-no,"https://www.google.com/maps/search/Blue+Hole,+Dahab?hl=en"
BCH-00048,17.0,شاطئ زيتونة بالجونة,4.2,https://lh3.googleusercontent.com/gps-cs-s/APNQkAElL6RSh8-Qm5BqbdcAfjxYWZSOn6fX6PxzKQlyLxom1GV3tk8q2C-DxfZoNKW3u_zn2Qyd5aBINsOtGOQnzxgvuRn5CCs7T85VYpoeXZ7ltK8QXxiEmAzO_Xu96apPmy9FEIaN=w408-h306-k-no,"https://www.google.com/maps/place/%D8%B4%D8%A7%D8%B7%D8%A6+%D8%B2%D9%8A%D8%AA%D9%88%D9%86%D8%A9+%D8%A8%D8%A7%D9%84%D8%AC%D9%88%D9%86%D8%A9%E2%80%AD/@27.4015895,33.6820939,17z/data=!4m10!1m2!2m1!1sZeytouna+Beach,+El+Gouna!3m6!1s0x1452671437e9de73:0x45db3671e389b62c!8m2!3d27.4020284!4d33.6818504!15sChhaZXl0b3VuYSBCZWFjaCwgRWwgR291bmGSAQ9iZWFjaF9wYXZpbGxpb27gAQA!16s%2Fg%2F11fn5t0jz7?hl=en&entry=ttu&g_ep=EgoyMDI2MDYyOS4wIKXMDSoASAFQAw%3D%3D"
BCH-00049,12.0,⛱Rommel Beach,4.1,https://lh3.googleusercontent.com/gps-cs-s/APNQkAEOxKz4C0KpEvVpA1_AdCwtgmj9-RFlNXqhOOi-0RG_96Vs7qouZQiNJ7xPu7zrnLS_nZWw02yR98R1G5u7rF432NOvUTuP1_ph-VSdMvBu_a2MndjZfuwpvA0TSUBipXjwG9zLlg=w408-h306-k-no,"https://www.google.com/maps/search/Rommel+Beach,+Marsa+Matrouh?hl=en"
